origin_id,destination_zip,osrm_driving_miles,great_circle_miles,road_to_straight_ratio
mpls,55401,0.855,0.389,2.19865
mpls,55101,9.863,8.706,1.13296
mpls,53202,337.102,298.003,1.13120
mpls,60601,409.537,354.480,1.15532
mpls,46204,591.362,510.646,1.15807
mpls,63101,559.439,466.246,1.19988
mpls,48226,694.140,542.132,1.28039
mpls,44114,753.596,629.317,1.19748
mpls,43215,765.805,626.863,1.22165
mpls,55415,1.360,0.910,1.49514
mpls,75201,936.646,863.212,1.08507
mpls,73102,787.014,694.046,1.13395
mpls,64106,435.659,411.677,1.05825
mpls,72201,857.203,708.790,1.20939
mpls,70112,1220.038,1052.681,1.15898
mpls,77002,1174.705,1057.653,1.11067
mpls,78701,1170.681,1045.086,1.12018
mpls,75001,929.488,851.781,1.09123
mpls,30303,1126.682,907.671,1.24129
mpls,28202,1157.567,938.561,1.23334
mpls,37201,881.740,697.111,1.26485
mpls,35203,1072.150,863.080,1.24224
mpls,29601,1095.199,904.554,1.21076
mpls,32801,1564.199,1309.402,1.19459
mpls,33130,1788.251,1513.826,1.18128
mpls,20001,1105.568,931.228,1.18722
mpls,19103,1168.155,983.092,1.18825
mpls,10001,1201.132,1015.747,1.18251
mpls,15222,869.783,741.846,1.17246
mpls,02108,1401.226,1120.640,1.25038
mpls,27601,1204.736,995.591,1.21007
mpls,97201,1727.992,1423.287,1.21409
mpls,98101,1660.090,1391.346,1.19315
mpls,94103,1980.811,1581.959,1.25213
mpls,90012,1907.770,1521.420,1.25394
mpls,85004,1642.036,1278.481,1.28436
mpls,80202,913.614,698.407,1.30814
mpls,84101,1246.061,984.605,1.26554
mpls,87102,1226.076,981.786,1.24882
mpls,80903,985.067,729.145,1.35099
dallas,55401,939.283,864.271,1.08679
dallas,55101,940.201,863.742,1.08852
dallas,53202,1001.466,857.729,1.16758
dallas,60601,967.530,805.307,1.20144
dallas,46204,899.391,763.597,1.17784
dallas,63101,630.023,547.786,1.15012
dallas,48226,1177.583,999.256,1.17846
dallas,44114,1184.484,1024.738,1.15589
dallas,43215,1041.987,912.517,1.14188
dallas,55415,939.302,863.574,1.08769
dallas,75201,1.332,0.766,1.73963
dallas,73102,205.186,190.421,1.07754
dallas,64106,496.557,454.117,1.09346
dallas,72201,319.737,292.459,1.09327
dallas,70112,503.732,442.084,1.13945
dallas,77002,238.273,224.797,1.05994
dallas,78701,194.624,182.121,1.06865
dallas,75001,14.182,12.925,1.09723
dallas,30303,782.556,719.417,1.08776
dallas,28202,1026.197,928.312,1.10544
dallas,37201,664.416,616.206,1.07824
dallas,35203,637.875,579.762,1.10024
dallas,29601,928.014,838.392,1.10690
dallas,32801,1084.863,960.934,1.12897
dallas,33130,1308.915,1110.169,1.17902
dallas,20001,1329.694,1182.003,1.12495
dallas,19103,1466.293,1297.416,1.13016
dallas,10001,1551.508,1371.754,1.13104
dallas,15222,1221.638,1069.140,1.14264
dallas,02108,1760.020,1548.847,1.13634
dallas,27601,1208.917,1055.657,1.14518
dallas,97201,2018.057,1631.285,1.23710
dallas,98101,2078.080,1679.994,1.23696
dallas,94103,1733.197,1481.517,1.16988
dallas,90012,1437.759,1237.765,1.16158
dallas,85004,1064.821,884.541,1.20381
dallas,80202,796.934,663.564,1.20099
dallas,84101,1295.175,998.882,1.29662
dallas,87102,649.587,586.650,1.10728
dallas,80903,726.666,613.794,1.18389
atl,55401,1133.302,908.340,1.24766
atl,55101,1123.830,901.360,1.24682
atl,53202,772.153,669.379,1.15354
atl,60601,684.984,589.189,1.16259
atl,46204,503.229,427.259,1.17781
atl,63101,554.943,467.352,1.18742
atl,48226,708.377,597.445,1.18568
atl,44114,700.167,555.328,1.26082
atl,43215,557.670,436.021,1.27900
atl,55415,1131.934,907.121,1.24783
atl,75201,782.743,719.634,1.08770
atl,73102,847.773,755.376,1.12232
atl,64106,801.069,675.828,1.18532
atl,72201,517.293,456.394,1.13343
atl,70112,469.252,424.278,1.10600
atl,77002,793.502,701.071,1.13184
atl,78701,921.282,817.886,1.12642
atl,75001,791.011,719.625,1.09920
atl,30303,0.419,0.314,1.33185
atl,28202,243.649,226.222,1.07703
atl,37201,248.673,214.890,1.15721
atl,35203,146.543,140.256,1.04482
atl,29601,145.465,136.990,1.06187
atl,32801,437.355,401.532,1.08921
atl,33130,661.407,606.386,1.09073
atl,20001,638.352,542.293,1.17714
atl,19103,774.981,665.470,1.16456
atl,10001,864.707,747.781,1.15636
atl,15222,681.515,521.692,1.30635
atl,02108,1073.225,935.710,1.14696
atl,27601,405.264,355.162,1.14107
atl,97201,2601.387,2168.767,1.19948
atl,98101,2642.977,2178.494,1.21321
atl,94103,2474.911,2136.236,1.15854
atl,90012,2176.936,1932.674,1.12639
atl,85004,1807.262,1588.647,1.13761
atl,80202,1405.124,1210.723,1.16057
atl,84101,1878.505,1580.609,1.18847
atl,87102,1391.302,1269.637,1.09583
atl,80903,1389.218,1187.975,1.16940
